"id","name","status","kind","bytes","width","height","path"
"400","Landstalker","ok","png","56647","256","144","C:\Program Files (x86)\Advance Games\moonloader\res\report_desk_vehicles\veh-400.png"
"401","Bravura","ok","png","57359","256","144","C:\Program Files (x86)\Advance Games\moonloader\res\report_desk_vehicles\veh-401.png"
"402","Buffalo","ok","png","56788","256","144","C:\Program Files (x86)\Advance Games\moonloader\res\report_desk_vehicles\veh-402.png"
"403","Linerunner","ok","png","51109","256","144","C:\Program Files (x86)\Advance Games\moonloader\res\report_desk_vehicles\veh-403.png"
"404","Perenniel","ok","png","52451","256","144","C:\Program Files (x86)\Advance Games\moonloader\res\report_desk_vehicles\veh-404.png"
"405","Sentinel","ok","png","49110","256","144","C:\Program Files (x86)\Advance Games\moonloader\res\report_desk_vehicles\veh-405.png"
"406","Dumper","ok","png","62793","256","144","C:\Program Files (x86)\Advance Games\moonloader\res\report_desk_vehicles\veh-406.png"
"407","Firetruck","ok","png","67033","256","144","C:\Program Files (x86)\Advance Games\moonloader\res\report_desk_vehicles\veh-407.png"
"408","Trashmaster","ok","png","56134","256","144","C:\Program Files (x86)\Advance Games\moonloader\res\report_desk_vehicles\veh-408.png"
"409","Stretch","ok","png","68764","256","144","C:\Program Files (x86)\Advance Games\moonloader\res\report_desk_vehicles\veh-409.png"
"410","Manana","ok","png","49919","256","144","C:\Program Files (x86)\Advance Games\moonloader\res\report_desk_vehicles\veh-410.png"
"411","Infernus","ok","png","57503","256","144","C:\Program Files (x86)\Advance Games\moonloader\res\report_desk_vehicles\veh-411.png"
"412","Voodoo","ok","png","59215","256","144","C:\Program Files (x86)\Advance Games\moonloader\res\report_desk_vehicles\veh-412.png"
"413","Pony","ok","png","47341","256","144","C:\Program Files (x86)\Advance Games\moonloader\res\report_desk_vehicles\veh-413.png"
"414","Mule","ok","png","46590","256","144","C:\Program Files (x86)\Advance Games\moonloader\res\report_desk_vehicles\veh-414.png"
"415","Cheetah","ok","png","51446","256","144","C:\Program Files (x86)\Advance Games\moonloader\res\report_desk_vehicles\veh-415.png"
"416","Ambulance","ok","png","51348","256","144","C:\Program Files (x86)\Advance Games\moonloader\res\report_desk_vehicles\veh-416.png"
"417","Leviathan","ok","png","56521","256","144","C:\Program Files (x86)\Advance Games\moonloader\res\report_desk_vehicles\veh-417.png"
"418","Moonbeam","ok","png","58580","256","144","C:\Program Files (x86)\Advance Games\moonloader\res\report_desk_vehicles\veh-418.png"
"419","Esperanto","ok","png","53590","256","144","C:\Program Files (x86)\Advance Games\moonloader\res\report_desk_vehicles\veh-419.png"
"420","Taxi","ok","png","62751","256","144","C:\Program Files (x86)\Advance Games\moonloader\res\report_desk_vehicles\veh-420.png"
"421","Washington","ok","png","53880","256","144","C:\Program Files (x86)\Advance Games\moonloader\res\report_desk_vehicles\veh-421.png"
"422","Bobcat","ok","png","65154","256","144","C:\Program Files (x86)\Advance Games\moonloader\res\report_desk_vehicles\veh-422.png"
"423","Mr Whoopee","ok","png","62889","256","144","C:\Program Files (x86)\Advance Games\moonloader\res\report_desk_vehicles\veh-423.png"
"424","BF Injection","ok","png","62607","256","144","C:\Program Files (x86)\Advance Games\moonloader\res\report_desk_vehicles\veh-424.png"
"425","Hunter","ok","png","52994","256","144","C:\Program Files (x86)\Advance Games\moonloader\res\report_desk_vehicles\veh-425.png"
"426","Premier","ok","png","59071","256","144","C:\Program Files (x86)\Advance Games\moonloader\res\report_desk_vehicles\veh-426.png"
"427","Enforcer","ok","png","53784","256","144","C:\Program Files (x86)\Advance Games\moonloader\res\report_desk_vehicles\veh-427.png"
"428","Securicar","ok","png","50315","256","144","C:\Program Files (x86)\Advance Games\moonloader\res\report_desk_vehicles\veh-428.png"
"429","Banshee","ok","png","52179","256","144","C:\Program Files (x86)\Advance Games\moonloader\res\report_desk_vehicles\veh-429.png"
"430","Predator","ok","png","50744","256","144","C:\Program Files (x86)\Advance Games\moonloader\res\report_desk_vehicles\veh-430.png"
"431","Bus","ok","png","58463","256","144","C:\Program Files (x86)\Advance Games\moonloader\res\report_desk_vehicles\veh-431.png"
"432","Rhino","ok","png","55487","256","144","C:\Program Files (x86)\Advance Games\moonloader\res\report_desk_vehicles\veh-432.png"
"433","Barracks","ok","png","64313","256","144","C:\Program Files (x86)\Advance Games\moonloader\res\report_desk_vehicles\veh-433.png"
"434","Hotknife","ok","png","64730","256","144","C:\Program Files (x86)\Advance Games\moonloader\res\report_desk_vehicles\veh-434.png"
"435","Article Trailer","ok","png","52888","256","144","C:\Program Files (x86)\Advance Games\moonloader\res\report_desk_vehicles\veh-435.png"
"436","Previon","ok","png","54509","256","144","C:\Program Files (x86)\Advance Games\moonloader\res\report_desk_vehicles\veh-436.png"
"437","Coach","ok","png","55014","256","144","C:\Program Files (x86)\Advance Games\moonloader\res\report_desk_vehicles\veh-437.png"
"438","Cabbie","ok","png","62776","256","144","C:\Program Files (x86)\Advance Games\moonloader\res\report_desk_vehicles\veh-438.png"
"439","Stallion","ok","png","49637","256","144","C:\Program Files (x86)\Advance Games\moonloader\res\report_desk_vehicles\veh-439.png"
"440","Rumpo","ok","png","40671","256","144","C:\Program Files (x86)\Advance Games\moonloader\res\report_desk_vehicles\veh-440.png"
"441","RC Bandit","ok","png","58386","256","144","C:\Program Files (x86)\Advance Games\moonloader\res\report_desk_vehicles\veh-441.png"
"442","Romero","ok","png","60272","256","144","C:\Program Files (x86)\Advance Games\moonloader\res\report_desk_vehicles\veh-442.png"
"443","Packer","ok","png","55271","256","144","C:\Program Files (x86)\Advance Games\moonloader\res\report_desk_vehicles\veh-443.png"
"444","Monster","ok","png","63215","256","144","C:\Program Files (x86)\Advance Games\moonloader\res\report_desk_vehicles\veh-444.png"
"445","Admiral","ok","png","70435","256","144","C:\Program Files (x86)\Advance Games\moonloader\res\report_desk_vehicles\veh-445.png"
"446","Squallo","ok","png","44243","256","144","C:\Program Files (x86)\Advance Games\moonloader\res\report_desk_vehicles\veh-446.png"
"447","Seasparrow","ok","png","54437","256","144","C:\Program Files (x86)\Advance Games\moonloader\res\report_desk_vehicles\veh-447.png"
"448","Pizzaboy","ok","png","58622","256","144","C:\Program Files (x86)\Advance Games\moonloader\res\report_desk_vehicles\veh-448.png"
"449","Tram","ok","png","56185","256","144","C:\Program Files (x86)\Advance Games\moonloader\res\report_desk_vehicles\veh-449.png"
"450","Article Trailer 2","ok","png","53124","256","144","C:\Program Files (x86)\Advance Games\moonloader\res\report_desk_vehicles\veh-450.png"
"451","Turismo","ok","png","60279","256","144","C:\Program Files (x86)\Advance Games\moonloader\res\report_desk_vehicles\veh-451.png"
"452","Speeder","ok","png","48029","256","144","C:\Program Files (x86)\Advance Games\moonloader\res\report_desk_vehicles\veh-452.png"
"453","Reefer","ok","png","58018","256","144","C:\Program Files (x86)\Advance Games\moonloader\res\report_desk_vehicles\veh-453.png"
"454","Tropic","ok","png","52178","256","144","C:\Program Files (x86)\Advance Games\moonloader\res\report_desk_vehicles\veh-454.png"
"455","Flatbed","ok","png","61634","256","144","C:\Program Files (x86)\Advance Games\moonloader\res\report_desk_vehicles\veh-455.png"
"456","Yankee","ok","png","57091","256","144","C:\Program Files (x86)\Advance Games\moonloader\res\report_desk_vehicles\veh-456.png"
"457","Caddy","ok","png","62765","256","144","C:\Program Files (x86)\Advance Games\moonloader\res\report_desk_vehicles\veh-457.png"
"458","Solair","ok","png","45478","256","144","C:\Program Files (x86)\Advance Games\moonloader\res\report_desk_vehicles\veh-458.png"
"459","Topfun Van (Berkleys RC)","ok","png","84285","256","192","C:\Program Files (x86)\Advance Games\moonloader\res\report_desk_vehicles\veh-459.png"
"460","Skimmer","ok","png","30982","256","144","C:\Program Files (x86)\Advance Games\moonloader\res\report_desk_vehicles\veh-460.png"
"461","PCJ-600","ok","png","64394","256","144","C:\Program Files (x86)\Advance Games\moonloader\res\report_desk_vehicles\veh-461.png"
"462","Faggio","ok","png","68405","256","144","C:\Program Files (x86)\Advance Games\moonloader\res\report_desk_vehicles\veh-462.png"
"463","Freeway","ok","png","43796","256","144","C:\Program Files (x86)\Advance Games\moonloader\res\report_desk_vehicles\veh-463.png"
"464","RC Baron","ok","png","37748","256","144","C:\Program Files (x86)\Advance Games\moonloader\res\report_desk_vehicles\veh-464.png"
"465","RC Raider","ok","png","42827","256","144","C:\Program Files (x86)\Advance Games\moonloader\res\report_desk_vehicles\veh-465.png"
"466","Glendale","ok","png","56931","256","144","C:\Program Files (x86)\Advance Games\moonloader\res\report_desk_vehicles\veh-466.png"
"467","Oceanic","ok","png","57420","256","144","C:\Program Files (x86)\Advance Games\moonloader\res\report_desk_vehicles\veh-467.png"
"468","Sanchez","ok","png","64004","256","144","C:\Program Files (x86)\Advance Games\moonloader\res\report_desk_vehicles\veh-468.png"
"469","Sparrow","ok","png","52457","256","144","C:\Program Files (x86)\Advance Games\moonloader\res\report_desk_vehicles\veh-469.png"
"470","Patriot","ok","png","62547","256","144","C:\Program Files (x86)\Advance Games\moonloader\res\report_desk_vehicles\veh-470.png"
"471","Quad","ok","png","59421","256","144","C:\Program Files (x86)\Advance Games\moonloader\res\report_desk_vehicles\veh-471.png"
"472","Coastguard","ok","png","47805","256","144","C:\Program Files (x86)\Advance Games\moonloader\res\report_desk_vehicles\veh-472.png"
"473","Dinghy","ok","png","43264","256","144","C:\Program Files (x86)\Advance Games\moonloader\res\report_desk_vehicles\veh-473.png"
"474","Hermes","ok","png","51356","256","144","C:\Program Files (x86)\Advance Games\moonloader\res\report_desk_vehicles\veh-474.png"
"475","Sabre","ok","png","52723","256","144","C:\Program Files (x86)\Advance Games\moonloader\res\report_desk_vehicles\veh-475.png"
"476","Rustler","ok","png","67503","256","144","C:\Program Files (x86)\Advance Games\moonloader\res\report_desk_vehicles\veh-476.png"
"477","ZR-350","ok","png","52758","256","144","C:\Program Files (x86)\Advance Games\moonloader\res\report_desk_vehicles\veh-477.png"
"478","Walton","ok","png","61581","256","144","C:\Program Files (x86)\Advance Games\moonloader\res\report_desk_vehicles\veh-478.png"
"479","Regina","ok","png","45969","256","144","C:\Program Files (x86)\Advance Games\moonloader\res\report_desk_vehicles\veh-479.png"
"480","Comet","ok","png","64735","256","144","C:\Program Files (x86)\Advance Games\moonloader\res\report_desk_vehicles\veh-480.png"
"481","BMX","ok","png","53132","256","144","C:\Program Files (x86)\Advance Games\moonloader\res\report_desk_vehicles\veh-481.png"
"482","Burrito","ok","png","57986","256","144","C:\Program Files (x86)\Advance Games\moonloader\res\report_desk_vehicles\veh-482.png"
"483","Camper","ok","png","50882","256","144","C:\Program Files (x86)\Advance Games\moonloader\res\report_desk_vehicles\veh-483.png"
"484","Marquis","ok","png","51865","256","144","C:\Program Files (x86)\Advance Games\moonloader\res\report_desk_vehicles\veh-484.png"
"485","Baggage","ok","png","52754","256","144","C:\Program Files (x86)\Advance Games\moonloader\res\report_desk_vehicles\veh-485.png"
"486","Dozer","ok","png","59333","256","144","C:\Program Files (x86)\Advance Games\moonloader\res\report_desk_vehicles\veh-486.png"
"487","Maverick","ok","png","51705","256","144","C:\Program Files (x86)\Advance Games\moonloader\res\report_desk_vehicles\veh-487.png"
"488","SAN News Maverick","ok","png","51705","256","144","C:\Program Files (x86)\Advance Games\moonloader\res\report_desk_vehicles\veh-488.png"
"489","Rancher","ok","png","50632","256","144","C:\Program Files (x86)\Advance Games\moonloader\res\report_desk_vehicles\veh-489.png"
"490","FBI Rancher","ok","png","45178","256","144","C:\Program Files (x86)\Advance Games\moonloader\res\report_desk_vehicles\veh-490.png"
"491","Virgo","ok","png","60995","256","144","C:\Program Files (x86)\Advance Games\moonloader\res\report_desk_vehicles\veh-491.png"
"492","Greenwood","ok","png","49132","256","144","C:\Program Files (x86)\Advance Games\moonloader\res\report_desk_vehicles\veh-492.png"
"493","Jetmax","ok","png","51703","256","144","C:\Program Files (x86)\Advance Games\moonloader\res\report_desk_vehicles\veh-493.png"
"494","Hotring Racer","ok","png","57390","256","144","C:\Program Files (x86)\Advance Games\moonloader\res\report_desk_vehicles\veh-494.png"
"495","Sandking","ok","png","58098","256","144","C:\Program Files (x86)\Advance Games\moonloader\res\report_desk_vehicles\veh-495.png"
"496","Blista Compact","ok","png","60710","256","144","C:\Program Files (x86)\Advance Games\moonloader\res\report_desk_vehicles\veh-496.png"
"497","Police Maverick","ok","png","51663","256","144","C:\Program Files (x86)\Advance Games\moonloader\res\report_desk_vehicles\veh-497.png"
"498","Boxville","ok","png","47117","256","144","C:\Program Files (x86)\Advance Games\moonloader\res\report_desk_vehicles\veh-498.png"
"499","Benson","ok","png","51696","256","144","C:\Program Files (x86)\Advance Games\moonloader\res\report_desk_vehicles\veh-499.png"
"500","Mesa","ok","png","52173","256","144","C:\Program Files (x86)\Advance Games\moonloader\res\report_desk_vehicles\veh-500.png"
"501","RC Goblin","ok","png","39740","256","144","C:\Program Files (x86)\Advance Games\moonloader\res\report_desk_vehicles\veh-501.png"
"502","Hotring Racer","ok","png","56288","256","144","C:\Program Files (x86)\Advance Games\moonloader\res\report_desk_vehicles\veh-502.png"
"503","Hotring Racer","ok","png","58494","256","144","C:\Program Files (x86)\Advance Games\moonloader\res\report_desk_vehicles\veh-503.png"
"504","Bloodring Banger","ok","png","53969","256","144","C:\Program Files (x86)\Advance Games\moonloader\res\report_desk_vehicles\veh-504.png"
"505","Rancher","ok","png","50632","256","144","C:\Program Files (x86)\Advance Games\moonloader\res\report_desk_vehicles\veh-505.png"
"506","Super GT","ok","png","66594","256","144","C:\Program Files (x86)\Advance Games\moonloader\res\report_desk_vehicles\veh-506.png"
"507","Elegant","ok","png","50052","256","144","C:\Program Files (x86)\Advance Games\moonloader\res\report_desk_vehicles\veh-507.png"
"508","Journey","ok","png","59517","256","144","C:\Program Files (x86)\Advance Games\moonloader\res\report_desk_vehicles\veh-508.png"
"509","Bike","ok","png","56253","256","144","C:\Program Files (x86)\Advance Games\moonloader\res\report_desk_vehicles\veh-509.png"
"510","Mountain Bike","ok","png","60501","256","144","C:\Program Files (x86)\Advance Games\moonloader\res\report_desk_vehicles\veh-510.png"
"511","Beagle","ok","png","58169","256","144","C:\Program Files (x86)\Advance Games\moonloader\res\report_desk_vehicles\veh-511.png"
"512","Cropduster","ok","png","62617","256","144","C:\Program Files (x86)\Advance Games\moonloader\res\report_desk_vehicles\veh-512.png"
"513","Stuntplane","ok","png","46200","256","117","C:\Program Files (x86)\Advance Games\moonloader\res\report_desk_vehicles\veh-513.png"
"514","Tanker","ok","png","54203","256","144","C:\Program Files (x86)\Advance Games\moonloader\res\report_desk_vehicles\veh-514.png"
"515","Roadtrain","ok","png","60916","256","144","C:\Program Files (x86)\Advance Games\moonloader\res\report_desk_vehicles\veh-515.png"
"516","Nebula","ok","png","62927","256","144","C:\Program Files (x86)\Advance Games\moonloader\res\report_desk_vehicles\veh-516.png"
"517","Majestic","ok","png","58909","256","144","C:\Program Files (x86)\Advance Games\moonloader\res\report_desk_vehicles\veh-517.png"
"518","Buccaneer","ok","png","56258","256","144","C:\Program Files (x86)\Advance Games\moonloader\res\report_desk_vehicles\veh-518.png"
"519","Shamal","ok","png","73529","256","205","C:\Program Files (x86)\Advance Games\moonloader\res\report_desk_vehicles\veh-519.png"
"520","Hydra","ok","png","37382","256","94","C:\Program Files (x86)\Advance Games\moonloader\res\report_desk_vehicles\veh-520.png"
"521","FCR-900","ok","png","70115","256","144","C:\Program Files (x86)\Advance Games\moonloader\res\report_desk_vehicles\veh-521.png"
"522","NRG-500","ok","png","51787","256","144","C:\Program Files (x86)\Advance Games\moonloader\res\report_desk_vehicles\veh-522.png"
"523","HPV1000","ok","png","67778","256","144","C:\Program Files (x86)\Advance Games\moonloader\res\report_desk_vehicles\veh-523.png"
"524","Cement Truck","ok","png","68101","256","144","C:\Program Files (x86)\Advance Games\moonloader\res\report_desk_vehicles\veh-524.png"
"525","Towtruck","ok","png","62126","256","144","C:\Program Files (x86)\Advance Games\moonloader\res\report_desk_vehicles\veh-525.png"
"526","Fortune","ok","png","55935","256","144","C:\Program Files (x86)\Advance Games\moonloader\res\report_desk_vehicles\veh-526.png"
"527","Cadrona","ok","png","64031","256","144","C:\Program Files (x86)\Advance Games\moonloader\res\report_desk_vehicles\veh-527.png"
"528","FBI Truck","ok","png","58454","256","144","C:\Program Files (x86)\Advance Games\moonloader\res\report_desk_vehicles\veh-528.png"
"529","Willard","ok","png","62364","256","144","C:\Program Files (x86)\Advance Games\moonloader\res\report_desk_vehicles\veh-529.png"
"530","Forklift","ok","png","36740","256","144","C:\Program Files (x86)\Advance Games\moonloader\res\report_desk_vehicles\veh-530.png"
"531","Tractor","ok","png","59024","256","144","C:\Program Files (x86)\Advance Games\moonloader\res\report_desk_vehicles\veh-531.png"
"532","Combine Harvester","ok","png","57124","256","144","C:\Program Files (x86)\Advance Games\moonloader\res\report_desk_vehicles\veh-532.png"
"533","Feltzer","ok","png","53434","256","144","C:\Program Files (x86)\Advance Games\moonloader\res\report_desk_vehicles\veh-533.png"
"534","Remington","ok","png","56806","256","144","C:\Program Files (x86)\Advance Games\moonloader\res\report_desk_vehicles\veh-534.png"
"535","Slamvan","ok","png","53715","256","144","C:\Program Files (x86)\Advance Games\moonloader\res\report_desk_vehicles\veh-535.png"
"536","Blade","ok","png","52976","256","144","C:\Program Files (x86)\Advance Games\moonloader\res\report_desk_vehicles\veh-536.png"
"537","Freight (Train)","ok","png","69553","256","144","C:\Program Files (x86)\Advance Games\moonloader\res\report_desk_vehicles\veh-537.png"
"538","Brownstreak (Train)","ok","png","61659","256","144","C:\Program Files (x86)\Advance Games\moonloader\res\report_desk_vehicles\veh-538.png"
"539","Vortex","ok","png","48637","256","144","C:\Program Files (x86)\Advance Games\moonloader\res\report_desk_vehicles\veh-539.png"
"540","Vincent","ok","png","60423","256","144","C:\Program Files (x86)\Advance Games\moonloader\res\report_desk_vehicles\veh-540.png"
"541","Bullet","ok","png","60462","256","144","C:\Program Files (x86)\Advance Games\moonloader\res\report_desk_vehicles\veh-541.png"
"542","Clover","ok","png","48903","256","144","C:\Program Files (x86)\Advance Games\moonloader\res\report_desk_vehicles\veh-542.png"
"543","Sadler","ok","png","60788","256","144","C:\Program Files (x86)\Advance Games\moonloader\res\report_desk_vehicles\veh-543.png"
"544","Firetruck LA","ok","png","67033","256","144","C:\Program Files (x86)\Advance Games\moonloader\res\report_desk_vehicles\veh-544.png"
"545","Hustler","ok","png","58068","256","144","C:\Program Files (x86)\Advance Games\moonloader\res\report_desk_vehicles\veh-545.png"
"546","Intruder","ok","png","43203","256","144","C:\Program Files (x86)\Advance Games\moonloader\res\report_desk_vehicles\veh-546.png"
"547","Primo","ok","png","53922","256","144","C:\Program Files (x86)\Advance Games\moonloader\res\report_desk_vehicles\veh-547.png"
"548","Cargobob","ok","png","54187","256","144","C:\Program Files (x86)\Advance Games\moonloader\res\report_desk_vehicles\veh-548.png"
"549","Tampa","ok","png","44553","256","144","C:\Program Files (x86)\Advance Games\moonloader\res\report_desk_vehicles\veh-549.png"
"550","Sunrise","ok","png","59374","256","144","C:\Program Files (x86)\Advance Games\moonloader\res\report_desk_vehicles\veh-550.png"
"551","Merit","ok","png","61964","256","144","C:\Program Files (x86)\Advance Games\moonloader\res\report_desk_vehicles\veh-551.png"
"552","Utility Van","ok","png","57951","256","144","C:\Program Files (x86)\Advance Games\moonloader\res\report_desk_vehicles\veh-552.png"
"553","Nevada","ok","png","63291","256","144","C:\Program Files (x86)\Advance Games\moonloader\res\report_desk_vehicles\veh-553.png"
"554","Yosemite","ok","png","61124","256","144","C:\Program Files (x86)\Advance Games\moonloader\res\report_desk_vehicles\veh-554.png"
"555","Windsor","ok","png","56880","256","144","C:\Program Files (x86)\Advance Games\moonloader\res\report_desk_vehicles\veh-555.png"
"556","Monster ""A""","ok","png","56384","256","144","C:\Program Files (x86)\Advance Games\moonloader\res\report_desk_vehicles\veh-556.png"
"557","Monster ""B""","ok","png","49842","256","144","C:\Program Files (x86)\Advance Games\moonloader\res\report_desk_vehicles\veh-557.png"
"558","Uranus","ok","png","47453","256","144","C:\Program Files (x86)\Advance Games\moonloader\res\report_desk_vehicles\veh-558.png"
"559","Jester","ok","png","42935","256","144","C:\Program Files (x86)\Advance Games\moonloader\res\report_desk_vehicles\veh-559.png"
"560","Sultan","ok","png","62418","256","144","C:\Program Files (x86)\Advance Games\moonloader\res\report_desk_vehicles\veh-560.png"
"561","Stratum","ok","png","63037","256","144","C:\Program Files (x86)\Advance Games\moonloader\res\report_desk_vehicles\veh-561.png"
"562","Elegy","ok","png","60057","256","144","C:\Program Files (x86)\Advance Games\moonloader\res\report_desk_vehicles\veh-562.png"
"563","Raindance","ok","png","57257","256","144","C:\Program Files (x86)\Advance Games\moonloader\res\report_desk_vehicles\veh-563.png"
"564","RC Tiger","ok","png","48472","256","144","C:\Program Files (x86)\Advance Games\moonloader\res\report_desk_vehicles\veh-564.png"
"565","Flash","ok","png","51500","256","144","C:\Program Files (x86)\Advance Games\moonloader\res\report_desk_vehicles\veh-565.png"
"566","Tahoma","ok","png","50873","256","144","C:\Program Files (x86)\Advance Games\moonloader\res\report_desk_vehicles\veh-566.png"
"567","Savanna","ok","png","61677","256","144","C:\Program Files (x86)\Advance Games\moonloader\res\report_desk_vehicles\veh-567.png"
"568","Bandito","ok","png","61950","256","144","C:\Program Files (x86)\Advance Games\moonloader\res\report_desk_vehicles\veh-568.png"
"569","Freight Flat Trailer (Train)","low","jpg","2220","204","125","C:\Program Files (x86)\Advance Games\moonloader\res\report_desk_vehicles\veh-569.jpg"
"570","Streak Trailer (Train)","low","jpg","3553","204","125","C:\Program Files (x86)\Advance Games\moonloader\res\report_desk_vehicles\veh-570.jpg"
"571","Kart","ok","png","51745","256","144","C:\Program Files (x86)\Advance Games\moonloader\res\report_desk_vehicles\veh-571.png"
"572","Mower","ok","png","60612","256","144","C:\Program Files (x86)\Advance Games\moonloader\res\report_desk_vehicles\veh-572.png"
"573","Dune","ok","png","53772","256","144","C:\Program Files (x86)\Advance Games\moonloader\res\report_desk_vehicles\veh-573.png"
"574","Sweeper","ok","png","52727","256","144","C:\Program Files (x86)\Advance Games\moonloader\res\report_desk_vehicles\veh-574.png"
"575","Broadway","ok","png","50353","256","144","C:\Program Files (x86)\Advance Games\moonloader\res\report_desk_vehicles\veh-575.png"
"576","Tornado","ok","png","59915","256","144","C:\Program Files (x86)\Advance Games\moonloader\res\report_desk_vehicles\veh-576.png"
"577","AT400","ok","png","45797","256","122","C:\Program Files (x86)\Advance Games\moonloader\res\report_desk_vehicles\veh-577.png"
"578","DFT-30","ok","png","55817","256","144","C:\Program Files (x86)\Advance Games\moonloader\res\report_desk_vehicles\veh-578.png"
"579","Huntley","ok","png","50379","256","144","C:\Program Files (x86)\Advance Games\moonloader\res\report_desk_vehicles\veh-579.png"
"580","Stafford","ok","png","61353","256","144","C:\Program Files (x86)\Advance Games\moonloader\res\report_desk_vehicles\veh-580.png"
"581","BF-400","ok","png","60333","256","144","C:\Program Files (x86)\Advance Games\moonloader\res\report_desk_vehicles\veh-581.png"
"582","Newsvan","ok","png","62582","256","144","C:\Program Files (x86)\Advance Games\moonloader\res\report_desk_vehicles\veh-582.png"
"583","Tug","ok","png","55426","256","144","C:\Program Files (x86)\Advance Games\moonloader\res\report_desk_vehicles\veh-583.png"
"584","Petrol Trailer","ok","png","51508","256","144","C:\Program Files (x86)\Advance Games\moonloader\res\report_desk_vehicles\veh-584.png"
"585","Emperor","ok","png","51706","256","144","C:\Program Files (x86)\Advance Games\moonloader\res\report_desk_vehicles\veh-585.png"
"586","Wayfarer","ok","png","47861","256","144","C:\Program Files (x86)\Advance Games\moonloader\res\report_desk_vehicles\veh-586.png"
"587","Euros","ok","png","48082","256","144","C:\Program Files (x86)\Advance Games\moonloader\res\report_desk_vehicles\veh-587.png"
"588","Hotdog","ok","png","58310","256","144","C:\Program Files (x86)\Advance Games\moonloader\res\report_desk_vehicles\veh-588.png"
"589","Club","ok","png","64462","256","144","C:\Program Files (x86)\Advance Games\moonloader\res\report_desk_vehicles\veh-589.png"
"590","Freight Box Trailer (Train)","low","jpg","3046","204","125","C:\Program Files (x86)\Advance Games\moonloader\res\report_desk_vehicles\veh-590.jpg"
"591","Article Trailer 3","ok","png","39601","256","144","C:\Program Files (x86)\Advance Games\moonloader\res\report_desk_vehicles\veh-591.png"
"592","Andromada","ok","png","59039","256","144","C:\Program Files (x86)\Advance Games\moonloader\res\report_desk_vehicles\veh-592.png"
"593","Dodo","ok","png","61303","256","144","C:\Program Files (x86)\Advance Games\moonloader\res\report_desk_vehicles\veh-593.png"
"594","RC Cam","ok","png","69099","256","148","C:\Program Files (x86)\Advance Games\moonloader\res\report_desk_vehicles\veh-594.png"
"595","Launch","ok","png","41088","256","144","C:\Program Files (x86)\Advance Games\moonloader\res\report_desk_vehicles\veh-595.png"
"596","Police Car (LSPD)","ok","png","53609","256","144","C:\Program Files (x86)\Advance Games\moonloader\res\report_desk_vehicles\veh-596.png"
"597","Police Car (SFPD)","ok","png","57627","256","144","C:\Program Files (x86)\Advance Games\moonloader\res\report_desk_vehicles\veh-597.png"
"598","Police Car (LVPD)","ok","png","58047","256","144","C:\Program Files (x86)\Advance Games\moonloader\res\report_desk_vehicles\veh-598.png"
"599","Police Ranger","ok","png","62220","256","144","C:\Program Files (x86)\Advance Games\moonloader\res\report_desk_vehicles\veh-599.png"
"600","Picador","ok","png","51627","256","144","C:\Program Files (x86)\Advance Games\moonloader\res\report_desk_vehicles\veh-600.png"
"601","S.W.A.T.","ok","png","59295","256","144","C:\Program Files (x86)\Advance Games\moonloader\res\report_desk_vehicles\veh-601.png"
"602","Alpha","ok","png","55084","256","144","C:\Program Files (x86)\Advance Games\moonloader\res\report_desk_vehicles\veh-602.png"
"603","Phoenix","ok","png","63271","256","144","C:\Program Files (x86)\Advance Games\moonloader\res\report_desk_vehicles\veh-603.png"
"604","Glendale Shit","ok","png","56931","256","144","C:\Program Files (x86)\Advance Games\moonloader\res\report_desk_vehicles\veh-604.png"
"605","Sadler Shit","ok","png","60788","256","144","C:\Program Files (x86)\Advance Games\moonloader\res\report_desk_vehicles\veh-605.png"
"606","Baggage Trailer ""A""","ok","png","52754","256","144","C:\Program Files (x86)\Advance Games\moonloader\res\report_desk_vehicles\veh-606.png"
"607","Baggage Trailer ""B""","ok","png","52754","256","144","C:\Program Files (x86)\Advance Games\moonloader\res\report_desk_vehicles\veh-607.png"
"608","Tug Stairs Trailer","ok","png","52644","256","144","C:\Program Files (x86)\Advance Games\moonloader\res\report_desk_vehicles\veh-608.png"
"609","Boxville","ok","png","47117","256","144","C:\Program Files (x86)\Advance Games\moonloader\res\report_desk_vehicles\veh-609.png"
"610","Farm Trailer","ok","png","54701","256","144","C:\Program Files (x86)\Advance Games\moonloader\res\report_desk_vehicles\veh-610.png"
"611","ID 611","low","png","1084","32","20","C:\Program Files (x86)\Advance Games\moonloader\res\report_desk_vehicles\veh-611.png"
